[
    {
        "id": 1,
        "name": "Álagar",
        "top": 1,
        "left": 5,
        "right": 4,
        "bottom": 1,
        "element": "none",
        "level": 1
    },  
    {
        "id": 2,
        "name": "Fungo",
        "top": 5,
        "left": 3,
        "right": 1,
        "bottom": 1,
        "element": "none",
        "level": 1
    },
    {
        "id": 3,
        "name": "Mosquito",
        "top": 1,
        "left": 5,
        "right": 3,
        "bottom": 3,
        "element": "none",
        "level": 1
    },
    {
        "id": 4,
        "name": "Mordélago",
        "top": 6,
        "left": 2,
        "right": 1,
        "bottom": 1,
        "element": "none",
        "level": 1
    }, 
    {
        "id": 5,
        "name": "Blinura",
        "top": 2,
        "left": 5,
        "right": 3,
        "bottom": 1,
        "element": "none",
        "level": 1
    },   
    {
        "id": 6,
        "name": "Guíela",
        "top": 2,
        "left": 4,
        "right": 1,
        "bottom": 4,
        "element": "lightning",
        "level": 1
    },
    {
        "id": 7,
        "name": "Guésper",
        "top": 1,
        "left": 1,
        "right": 5,
        "bottom": 4,
        "element": "none",
        "level": 1
    },
    {
        "id": 8,
        "name": "Focarrol falso",
        "top": 3,
        "left": 1,
        "right": 5,
        "bottom": 2,
        "element": "earth",
        "level": 1
    },  
    {
        "id": 9,
        "name": "Globulus",
        "top": 2,
        "left": 1,
        "right": 1,
        "bottom": 6,
        "element": "none",
        "level": 1
    },  
    {
        "id": 10,
        "name": "Kedachiku",
        "top": 4,
        "left": 3,
        "right": 2,
        "bottom": 4,
        "element": "none",
        "level": 1
    },  
    {
        "id": 11,
        "name": "Cocatoris",
        "top": 2,
        "left": 6,
        "right": 1,
        "bottom": 2,
        "element": "lightning",
        "level": 1
    },  
    {
        "id": 12,
        "name": "Grat",
        "top": 7,
        "left": 1,
        "right": 1,
        "bottom": 3,
        "element": "none",
        "level": 2
    },  
    {
        "id": 13,
        "name": "Buel",
        "top": 6,
        "left": 3,
        "right": 2,
        "bottom": 2,
        "element": "none",
        "level": 2
    },  
    {
        "id": 14,
        "name": "Unipladio",
        "top": 5,
        "left": 4,
        "right": 3,
        "bottom": 3,
        "element": "none",
        "level": 2
    },  
    {
        "id": 15,
        "name": "Medusa",
        "top": 6,
        "left": 3,
        "right": 1,
        "bottom": 4,
        "element": "ice",
        "level": 2
    }, 
    {
        "id": 16,
        "name": "Bejelmejel",
        "top": 3,
        "left": 3,
        "right": 4,
        "bottom": 5,
        "element": "none",
        "level": 2
    },  
    {
        "id": 17,
        "name": "Bipla",
        "top": 5,
        "left": 5,
        "right": 3,
        "bottom": 2,
        "element": "wind",
        "level": 2
    },
    {
        "id": 18,
        "name": "Venoma",
        "top": 5,
        "left": 5,
        "right": 1,
        "bottom": 3,
        "element": "poison",
        "level": 2
    },  
    {
        "id": 19,
        "name": "Sombra",
        "top": 5,
        "left": 2,
        "right": 2,
        "bottom": 5,
        "element": "lightning",
        "level": 2
    },  
    {
        "id": 20,
        "name": "Grendel",
        "top": 4,
        "left": 2,
        "right": 4,
        "bottom": 5,
        "element": "lightning",
        "level": 2
    },  
    {
        "id": 21,
        "name": "Abrazador",
        "top": 3,
        "left": 7,
        "right": 2,
        "bottom": 1,
        "element": "none",
        "level": 2
    },  
    {
        "id": 22,
        "name": "Langosta",
        "top": 5,
        "left": 3,
        "right": 2,
        "bottom": 5,
        "element": "none",
        "level": 2
    },  
    {
        "id": 23,
        "name": "Esqueleto",
        "top": 6,
        "left": 2,
        "right": 6,
        "bottom": 3,
        "element": "none",
        "level": 3
    },  
    {
        "id": 24,
        "name": "Acorazado",
        "top": 6,
        "left": 6,
        "right": 3,
        "bottom": 1,
        "element": "earth",
        "level": 3
    },  
    {
        "id": 25,
        "name": "Tricéfalo",
        "top": 3,
        "left": 5,
        "right": 5,
        "bottom": 5,
        "element": "poison",
        "level": 3
    },  
    {
        "id": 26,
        "name": "Focarrol",
        "top": 7,
        "left": 3,
        "right": 5,
        "bottom": 1,
        "element": "earth",
        "level": 3
    },  
    {
        "id": 27,
        "name": "Foca mutante",
        "top": 7,
        "left": 3,
        "right": 1,
        "bottom": 5,
        "element": "ice",
        "level": 3
    },  
    {
        "id": 28,
        "name": "Ochú",
        "top": 5,
        "left": 3,
        "right": 6,
        "bottom": 3,
        "element": "none",
        "level": 3
    },  
    {
        "id": 29,
        "name": "SAMO8G",
        "top": 5,
        "left": 4,
        "right": 6,
        "bottom": 2,
        "element": "fire",
        "level": 3
    },  
    {
        "id": 30,
        "name": "Oso de Trabia",
        "top": 4,
        "left": 2,
        "right": 4,
        "bottom": 7,
        "element": "fire",
        "level": 3
    },  
    {
        "id": 31,
        "name": "Cactilio",
        "top": 6,
        "left": 3,
        "right": 2,
        "bottom": 6,
        "element": "none",
        "level": 3
    },  
    {
        "id": 32,
        "name": "Tomberi",
        "top": 3,
        "left": 4,
        "right": 6,
        "bottom": 4,
        "element": "none",
        "level": 3
    },  
    {
        "id": 33,
        "name": "Gusano Ebis",
        "top": 7,
        "left": 5,
        "right": 2,
        "bottom": 3,
        "element": "none",
        "level": 3
    },  
    {
        "id": 34,
        "name": "Túlipo",
        "top": 2,
        "left": 7,
        "right": 3,
        "bottom": 6,
        "element": "none",
        "level": 4
    },  
    {
        "id": 35,
        "name": "Las manos",
        "top": 6,
        "left": 5,
        "right": 5,
        "bottom": 4,
        "element": "none",
        "level": 4
    },  
    {
        "id": 36,
        "name": "Arqueosaurio",
        "top": 4,
        "left": 7,
        "right": 6,
        "bottom": 2,
        "element": "none",
        "level": 4
    },  
    {
        "id": 37,
        "name": "Bom",
        "top": 2,
        "left": 3,
        "right": 7,
        "bottom": 6,
        "element": "fire",
        "level": 4
    },  
    {
        "id": 38,
        "name": "Blitz",
        "top": 1,
        "left": 7,
        "right": 6,
        "bottom": 4,
        "element": "lightning",
        "level": 4
    },  
    {
        "id": 39,
        "name": "Wendigo",
        "top": 7,
        "left": 6,
        "right": 3,
        "bottom": 1,
        "element": "none",
        "level": 4
    },  
    {
        "id": 40,
        "name": "Bengal",
        "top": 7,
        "left": 4,
        "right": 4,
        "bottom": 4,
        "element": "none",
        "level": 4
    },  
    {
        "id": 41,
        "name": "Galkimasera",
        "top": 3,
        "left": 6,
        "right": 7,
        "bottom": 3,
        "element": "none",
        "level": 4
    },  
    {
        "id": 42,
        "name": "Draco",
        "top": 6,
        "left": 3,
        "right": 2,
        "bottom": 7,
        "element": "none",
        "level": 4
    },  
    {
        "id": 43,
        "name": "Adamantaimai",
        "top": 4,
        "left": 6,
        "right": 5,
        "bottom": 5,
        "element": "earth",
        "level": 4
    },  
    {
        "id": 44,
        "name": "Seisojos",
        "top": 7,
        "left": 3,
        "right": 5,
        "bottom": 4,
        "element": "fire",
        "level": 4
    },  
    {
        "id": 45,
        "name": "Férreo",
        "top": 6,
        "left": 5,
        "right": 5,
        "bottom": 6,
        "element": "none",
        "level": 5
    },  
    {
        "id": 46,
        "name": "Bégimo",
        "top": 3,
        "left": 7,
        "right": 6,
        "bottom": 5,
        "element": "none",
        "level": 5
    },  
    {
        "id": 47,
        "name": "Quimera",
        "top": 7,
        "left": 3,
        "right": 6,
        "bottom": 5,
        "element": "water",
        "level": 5
    },  
    {
        "id": 48,
        "name": "Alienígena",
        "top": 3,
        "left": 1,
        "right": 10,
        "bottom": 2,
        "element": "none",
        "level": 5
    },  
    {
        "id": 49,
        "name": "Invencible",
        "top": 6,
        "left": 7,
        "right": 2,
        "bottom": 6,
        "element": "none",
        "level": 5
    },  
    {
        "id": 50,
        "name": "GIM57N",
        "top": 5,
        "left": 4,
        "right": 5,
        "bottom": 7,
        "element": "none",
        "level": 5
    },  
    {
        "id": 51,
        "name": "Molbol",
        "top": 7,
        "left": 2,
        "right": 7,
        "bottom": 4,
        "element": "poison",
        "level": 5
    },  
    {
        "id": 52,
        "name": "Gran dragón",
        "top": 7,
        "left": 4,
        "right": 2,
        "bottom": 7,
        "element": "fire",
        "level": 5
    },  
    {
        "id": 53,
        "name": "Elnoir",
        "top": 5,
        "left": 6,
        "right": 3,
        "bottom": 7,
        "element": "none",
        "level": 5
    },  
    {
        "id": 54,
        "name": "Rey Tomberi",
        "top": 4,
        "left": 4,
        "right": 6,
        "bottom": 7,
        "element": "none",
        "level": 5
    },  
    {
        "id": 55,
        "name": "Biggs y Wedge",
        "top": 6,
        "left": 7,
        "right": 6,
        "bottom": 2,
        "element": "none",
        "level": 5
    },  
    {
        "id": 56,
        "name": "",
        "top": 1,
        "left": 1,
        "right": 1,
        "bottom": 1,
        "element": "none",
        "level": 5
    },  
    {
        "id": 57,
        "name": "Viento y Trueno",
        "top": 2,
        "left": 4,
        "right": 8,
        "bottom": 8,
        "element": "none",
        "level": 6
    },  
    {
        "id": 58,
        "name": "Elviore",
        "top": 7,
        "left": 4,
        "right": 8,
        "bottom": 3,
        "element": "wind",
        "level": 6
    },  
    {
        "id": 59,
        "name": "X-ATM092",
        "top": 4,
        "left": 3,
        "right": 8,
        "bottom": 7,
        "element": "none",
        "level": 6
    },  
    {
        "id": 60,
        "name": "Yuraba",
        "top": 7,
        "left": 5,
        "right": 2,
        "bottom": 8,
        "element": "none",
        "level": 6
    },  
    {
        "id": 61,
        "name": "Namtal-utok",
        "top": 1,
        "left": 3,
        "right": 8,
        "bottom": 8,
        "element": "poison",
        "level": 6
    },  
    {
        "id": 62,
        "name": "Gárgola",
        "top": 8,
        "left": 2,
        "right": 2,
        "bottom": 8,
        "element": "none",
        "level": 6
    },  
    {
        "id": 63,
        "name": "Abadón",
        "top": 6,
        "left": 5,
        "right": 8,
        "bottom": 4,
        "element": "none",
        "level": 6
    },  
    {
        "id": 64,
        "name": "Dolmen",
        "top": 4,
        "left": 6,
        "right": 8,
        "bottom": 5,
        "element": "none",
        "level": 6
    },  
    {
        "id": 65,
        "name": "Oleoplasto",
        "top": 1,
        "left": 8,
        "right": 8,
        "bottom": 4,
        "element": "none",
        "level": 6
    },  
    {
        "id": 66,
        "name": "Shumi",
        "top": 6,
        "left": 4,
        "right": 5,
        "bottom": 8,
        "element": "none",
        "level": 6
    },  
    {
        "id": 67,
        "name": "Cristalino",
        "top": 7,
        "left": 1,
        "right": 5,
        "bottom": 8,
        "element": "none",
        "level": 6
    },  
    {
        "id": 68,
        "name": "Gestalt",
        "top": 8,
        "left": 8,
        "right": 4,
        "bottom": 4,
        "element": "none",
        "level": 7
    },  
    {
        "id": 69,
        "name": "Cactillón",
        "top": 8,
        "left": 8,
        "right": 4,
        "bottom": 4,
        "element": "none",
        "level": 7
    },  
    {
        "id": 70,
        "name": "Neodragón",
        "top": 8,
        "left": 8,
        "right": 5,
        "bottom": 2,
        "element": "lightning",
        "level": 7
    },  
    {
        "id": 71,
        "name": "Gargantúa",
        "top": 5,
        "left": 8,
        "right": 6,
        "bottom": 6,
        "element": "none",
        "level": 7
    },  
    {
        "id": 72,
        "name": "Unidad IB-8",
        "top": 8,
        "left": 3,
        "right": 6,
        "bottom": 7,
        "element": "none",
        "level": 7
    },  
    {
        "id": 73,
        "name": "Esfinge",
        "top": 8,
        "left": 8,
        "right": 3,
        "bottom": 5,
        "element": "none",
        "level": 7
    },  
    {
        "id": 74,
        "name": "Tiamant",
        "top": 8,
        "left": 4,
        "right": 8,
        "bottom": 5,
        "element": "none",
        "level": 7
    },  
    {
        "id": 75,
        "name": "BGH251F2",
        "top": 5,
        "left": 5,
        "right": 7,
        "bottom": 8,
        "element": "none",
        "level": 7
    },
    {
        "id": 76,
        "name": "Gigante",
        "top": 6,
        "left": 7,
        "right": 8,
        "bottom": 4,
        "element": "none",
        "level": 7
    },  
    {
        "id": 77,
        "name": "Catobeplas",
        "top": 1,
        "left": 7,
        "right": 8,
        "bottom": 7,
        "element": "none",
        "level": 7
    },  
    {
        "id": 78,
        "name": "Ente Artema",
        "top": 7,
        "left": 8,
        "right": 7,
        "bottom": 2,
        "element": "none",
        "level": 7
    },  
    {
        "id": 79,
        "name": "Chocogordo",
        "top": 4,
        "left": 9,
        "right": 4,
        "bottom": 8,
        "element": "none",
        "level": 8
    },  
    {
        "id": 80,
        "name": "Angelo",
        "top": 9,
        "left": 3,
        "right": 6,
        "bottom": 7,
        "element": "none",
        "level": 8
    },
    {
        "id": 81,
        "name": "Gilgamesh",
        "top": 3,
        "left": 6,
        "right": 7,
        "bottom": 9,
        "element": "none",
        "level": 8
    },    
    {
        "id": 82,
        "name": "Minimog",
        "top": 9,
        "left": 2,
        "right": 3,
        "bottom": 9,
        "element": "none",
        "level": 8
    },  
    {
        "id": 83,
        "name": "Chocobito",
        "top": 9,
        "left": 4,
        "right": 4,
        "bottom": 8,
        "element": "none",
        "level": 8
    },  
    {
        "id": 84,
        "name": "Quetzal",
        "top": 2,
        "left": 4,
        "right": 9,
        "bottom": 9,
        "element": "lightning",
        "level": 8
    },  
    {
        "id": 85,
        "name": "Shiva",
        "top": 6,
        "left": 9,
        "right": 7,
        "bottom": 4,
        "element": "ice",
        "level": 8
    },  
    {
        "id": 86,
        "name": "Ifrit",
        "top": 6,
        "left": 9,
        "right": 7,
        "bottom": 4,
        "element": "fire",
        "level": 8
    },  
    {
        "id": 87,
        "name": "Sirena",
        "top": 8,
        "left": 2,
        "right": 9,
        "bottom": 6,
        "element": "none",
        "level": 8
    },  
    {
        "id": 88,
        "name": "Seclet",
        "top": 5,
        "left": 9,
        "right": 1,
        "bottom": 9,
        "element": "earth",
        "level": 8
    },  
    {
        "id": 89,
        "name": "Minotauro",
        "top": 9,
        "left": 9,
        "right": 5,
        "bottom": 2,
        "element": "earth",
        "level": 8
    },  
    {
        "id": 90,
        "name": "Rubí",
        "top": 8,
        "left": 4,
        "right": 4,
        "bottom": 10,
        "element": "none",
        "level": 9
    },  
    {
        "id": 91,
        "name": "Diablo",
        "top": 5,
        "left": 3,
        "right": 10,
        "bottom": 8,
        "element": "none",
        "level": 9
    },  
    {
        "id": 92,
        "name": "Leviatán",
        "top": 7,
        "left": 7,
        "right": 10,
        "bottom": 1,
        "element": "water",
        "level": 9
    },  
    {
        "id": 93,
        "name": "Odín",
        "top": 8,
        "left": 5,
        "right": 10,
        "bottom": 3,
        "element": "none",
        "level": 9
    },  
    {
        "id": 94,
        "name": "Eolo",
        "top": 10,
        "left": 7,
        "right": 1,
        "bottom": 7,
        "element": "wind",
        "level": 9
    },  
    {
        "id": 95,
        "name": "Cerbero",
        "top": 7,
        "left": 10,
        "right": 4,
        "bottom": 6,
        "element": "none",
        "level": 9
    },  
    {
        "id": 96,
        "name": "Alejandro",
        "top": 9,
        "left": 2,
        "right": 10,
        "bottom": 4,
        "element": "sacred",
        "level": 9
    },  
    {
        "id": 97,
        "name": "Fénix",
        "top": 7,
        "left": 10,
        "right": 2,
        "bottom": 7,
        "element": "fire",
        "level": 9
    },
    {
        "id": 98,
        "name": "Bahamuth",
        "top": 10,
        "left": 6,
        "right": 8,
        "bottom": 2,
        "element": "none",
        "level": 9
    },    
    {
        "id": 99,
        "name": "Helltrain",
        "top": 3,
        "left": 1,
        "right": 10,
        "bottom": 10,
        "element": "poison",
        "level": 9
    },  
    {
        "id": 100,
        "name": "Eden",
        "top": 4,
        "left": 10,
        "right": 4,
        "bottom": 9,
        "element": "none",
        "level": 9
    },  
    {
        "id": 10,
        "name": "",
        "top": 1,
        "left": 1,
        "right": 1,
        "bottom": 1,
        "element": "none",
        "level": 10
    },  
    {
        "id": 101,
        "name": "Ward",
        "top": 10,
        "left": 8,
        "right": 7,
        "bottom": 2,
        "element": "none",
        "level": 10
    },  
    {
        "id": 102,
        "name": "Kiros",
        "top": 6,
        "left": 10,
        "right": 7,
        "bottom": 6,
        "element": "none",
        "level": 10
    },  
    {
        "id": 103,
        "name": "Laguna",
        "top": 5,
        "left": 9,
        "right": 10,
        "bottom": 3,
        "element": "none",
        "level": 10
    },  
    {
        "id": 104,
        "name": "Selphie",
        "top": 10,
        "left": 4,
        "right": 8,
        "bottom": 6,
        "element": "none",
        "level": 10
    },  
    {
        "id": 105,
        "name": "Quistis",
        "top": 9,
        "left": 2,
        "right": 6,
        "bottom": 10,
        "element": "none",
        "level": 10
    },  
    {
        "id": 106,
        "name": "Irvine",
        "top": 2,
        "left": 10,
        "right": 6,
        "bottom": 9,
        "element": "none",
        "level": 10
    },  
    {
        "id": 107,
        "name": "Zell",
        "top": 8,
        "left": 6,
        "right": 5,
        "bottom": 10,
        "element": "none",
        "level": 10
    },  
    {
        "id": 108,
        "name": "Rinoa",
        "top": 4,
        "left": 10,
        "right": 10,
        "bottom": 2,
        "element": "none",
        "level": 10
    },  
    {
        "id": 109,
        "name": "Edea",
        "top": 10,
        "left": 3,
        "right": 10,
        "bottom": 3,
        "element": "none",
        "level": 10
    },  
    {
        "id": 110,
        "name": "Seifer",
        "top": 6,
        "left": 4,
        "right": 9,
        "bottom": 10,
        "element": "none",
        "level": 10
    },  
    {
        "id": 111,
        "name": "Squall",
        "top": 10,
        "left": 9,
        "right": 4,
        "bottom": 6,
        "element": "none",
        "level": 10
    },
    {
        "id": 112,
        "name": "none",
        "top": 0,
        "left": 0,
        "right": 0,
        "bottom": 0,
        "element": "none",
        "level": 0
    }
]